
[
  [
    {
      "name": "×",
      "code": "\\\\times"
    },
    {
      "name": "÷",
      "code": "\\\\div"
    },
    {
      "name": "±",
      "code": "\\\\pm"
    },
    {
      "name": "＝",
      "code": "="
    },
    {
      "name": "%",
      "code": "%"
    },
    {
      "name": "＜",
      "code": "<"
    },
    {
      "name": "＞",
      "code": ">"
    },
    {
      "name": "≤",
      "code": "\\\\ll"
    },
    {
      "name": "≤拷贝",
      "code": "\\\\gg"
    },
    {
      "name": "＝拷贝",
      "code": "\\\\neq"
    },
    {
      "name": "大括号",
      "code": "\\\\begin{equation}{}\\\\\\\\{}\\\\end{equation}"
    },
    {
      "name": "根号拷贝2",
      "code": "\\\\sqrt[]{}"
    },
    {
      "name": "绝对值",
      "code": "\\\\left| {} \\\\right|"
    },
    {
      "name": "下角标N",
      "code": "\\\\left(  \\\\right)_{}"
    },
    {
      "name": "×10拷贝",
      "code": "\\\\times10^{}"
    },
    {
      "name": "x平方",
      "code": "x^2"
    },
    {
      "name": "x1",
      "code": "x_1"
    },
    {
      "name": "x2",
      "code": "x_2"
    },
    {
      "name": "括号",
      "code": "\\\\left(  \\\\right)"
    },
    {
      "name": "中括号",
      "code": "\\\\left[ \\\\right]"
    },
    {
      "name": "冒号",
      "code": ":"
    },
    {
      "name": "约等于",
      "code": "\\\\approx"
    },
    {
      "name": "或",
      "code": "或"
    },
    {
      "name": "且",
      "code": "且"
    }
  ],
  [
    {
      "name": "角",
      "code": "\\\\angle"
    },
    {
      "name": "三角",
      "code": "\\\\Delta"
    },
    {
      "name": "度",
      "code": "\\\\left(  \\\\right)^\\\\circ"
    },
    {
      "name": "π",
      "code": "\\\\pi"
    },
    {
      "name": "πr2",
      "code": "\\\\pi r^2"
    },
    {
      "name": "∽",
      "code": "\\\\sim"
    },
    {
      "name": "全等",
      "code": "\\\\cong"
    },
    {
      "name": "sin",
      "code": "\\\\sin"
    },
    {
      "name": "cos",
      "code": "\\\\cos"
    },
    {
      "name": "tan",
      "code": "\\\\tan"
    },
    {
      "name": "垂直",
      "code": "\\\\bot"
    },
    {
      "name": "999",
      "code": "//"
    },
    {
      "name": "α",
      "code": "\\\\alpha"
    },
    {
      "name": "β",
      "code": "\\\\beta"
    },
    {
      "name": "θ",
      "code": "\\\\theta"
    },
    {
      "name": "分",
      "code": "\\\\left( \\\\right)\\'"
    },
    {
      "name": "秒",
      "code": "\\\\left( \\\\right)\\'\\'"
    }
  ],
  [
   {
      "name": "①",
      "code": "①"
    },
    {
      "name": "②",
      "code": "②"
    },
    {
      "name": "③",
      "code": "③"
    },
    {
      "name": "④",
      "code": "④"
    },
    {
      "name": "⑤",
      "code": "⑤"
    },
    {
      "name": "⑥",
      "code": "⑥"
    },
    {
      "name": "⑦",
      "code": "⑦"
    },
    {
      "name": "⑧",
      "code": "⑧"
    },
    {
      "name": "⑨",
      "code": "⑨"
    },
    {
      "name": "⑩",
      "code": "⑩"
    },
   {
      "name": "1",
      "code": "(1)"
    },
    {
      "name": "2",
      "code": "(2)"
    },
    {
      "name": "3",
      "code": "(3)"
    },
    {
      "name": "4",
      "code": "(4)"
    },
    {
      "name": "5",
      "code": "(5)"
    },
    {
      "name": "6",
      "code": "(6)"
    },
    {
      "name": "7",
      "code": "(7)"
    },
    {
      "name": "8",
      "code": "(8)"
    },
    {
      "name": "9",
      "code": "(9)"
    },
    {
      "name": "10",
      "code": "(10)"
    }
  ],
  
]
